<?xml version="1.0" encoding="UTF-8"?>
<project-shared-configuration>
    <libraries xmlns="http://www.netbeans.org/ns/cdnjs-libraries/1"/>
    <properties xmlns="http://www.netbeans.org/ns/maven-properties-data/1">
        <org-netbeans-modules-maven-j2ee.netbeans_2e_hint_2e_j2eeVersion>1.7-web</org-netbeans-modules-maven-j2ee.netbeans_2e_hint_2e_j2eeVersion>
        <org-netbeans-modules-maven-j2ee.netbeans_2e_hint_2e_deploy_2e_server>Tomcat</org-netbeans-modules-maven-j2ee.netbeans_2e_hint_2e_deploy_2e_server>
        <org-netbeans-modules-whitelist.whitelist-oracle>false</org-netbeans-modules-whitelist.whitelist-oracle>
        <org-netbeans-modules-web-clientproject-api.js_2e_libs_2e_folder>../../../../h2</org-netbeans-modules-web-clientproject-api.js_2e_libs_2e_folder>
    </properties>
</project-shared-configuration>
